<?xml version="1.0" encoding="UTF-8"?>
<project-private xmlns="http://www.netbeans.org/ns/project-private/1">
    <editor-bookmarks xmlns="http://www.netbeans.org/ns/editor-bookmarks/2" lastBookmarkId="0"/>
    <open-files xmlns="http://www.netbeans.org/ns/projectui-open-files/2">
        <group>
            <file>file:/Users/Naomi/Desktop/MyRepository/2016S1_DSA/DSA_Assignment4/src/dsa_assignment4/Person.java</file>
            <file>file:/Users/Naomi/Desktop/MyRepository/2016S1_DSA/DSA_Assignment4/src/dsa_assignment4/BoatTrip.java</file>
            <file>file:/Users/Naomi/Desktop/MyRepository/2016S1_DSA/DSA_Assignment4/src/dsa_assignment4/HashTableWithChaining.java</file>
        </group>
    </open-files>
</project-private>
